{
  "JavaScriptPagew3-1" : {
    "transaction" : "JavaScriptPagew3-1",
    "sampleCount" : 20,
    "errorCount" : 0,
    "errorPct" : 0.0,
    "meanResTime" : 185.9,
    "medianResTime" : 104.5,
    "minResTime" : 51.0,
    "maxResTime" : 1297.0,
    "pct1ResTime" : 425.1000000000002,
    "pct2ResTime" : 1253.8999999999994,
    "pct3ResTime" : 1297.0,
    "throughput" : 2.0167389331451044,
    "receivedKBytesPerSec" : 897.9963383583745,
    "sentKBytesPerSec" : 0.24815342341433902
  },
  "PytonPagew3-1" : {
    "transaction" : "PytonPagew3-1",
    "sampleCount" : 20,
    "errorCount" : 0,
    "errorPct" : 0.0,
    "meanResTime" : 410.1,
    "medianResTime" : 330.0,
    "minResTime" : 215.0,
    "maxResTime" : 1341.0,
    "pct1ResTime" : 744.4000000000001,
    "pct2ResTime" : 1311.4499999999996,
    "pct3ResTime" : 1341.0,
    "throughput" : 1.9648295510364477,
    "receivedKBytesPerSec" : 904.095978853522,
    "sentKBytesPerSec" : 0.249441251596424
  },
  "PytonPagew3-0" : {
    "transaction" : "PytonPagew3-0",
    "sampleCount" : 20,
    "errorCount" : 0,
    "errorPct" : 0.0,
    "meanResTime" : 676.05,
    "medianResTime" : 585.0,
    "minResTime" : 532.0,
    "maxResTime" : 1513.0,
    "pct1ResTime" : 1069.6000000000004,
    "pct2ResTime" : 1491.9499999999998,
    "pct3ResTime" : 1513.0,
    "throughput" : 1.8304960644334614,
    "receivedKBytesPerSec" : 0.6149322716456159,
    "sentKBytesPerSec" : 0.21808644517664286
  },
  "JavaScriptPagew3" : {
    "transaction" : "JavaScriptPagew3",
    "sampleCount" : 20,
    "errorCount" : 0,
    "errorPct" : 0.0,
    "meanResTime" : 328.05,
    "medianResTime" : 243.5,
    "minResTime" : 181.0,
    "maxResTime" : 1442.0,
    "pct1ResTime" : 570.9000000000002,
    "pct2ResTime" : 1398.9499999999994,
    "pct3ResTime" : 1442.0,
    "throughput" : 1.989258006763477,
    "receivedKBytesPerSec" : 886.4203612989854,
    "sentKBytesPerSec" : 0.4740028844241098
  },
  "Total" : {
    "transaction" : "Total",
    "sampleCount" : 180,
    "errorCount" : 0,
    "errorPct" : 0.0,
    "meanResTime" : 381.2555555555556,
    "medianResTime" : 239.5,
    "minResTime" : 51.0,
    "maxResTime" : 1919.0,
    "pct1ResTime" : 875.2,
    "pct2ResTime" : 1287.0999999999976,
    "pct3ResTime" : 1867.9699999999998,
    "throughput" : 15.252944665706297,
    "receivedKBytesPerSec" : 4670.259008770443,
    "sentKBytesPerSec" : 2.4627150241504956
  },
  "JavaPagew3" : {
    "transaction" : "JavaPagew3",
    "sampleCount" : 20,
    "errorCount" : 0,
    "errorPct" : 0.0,
    "meanResTime" : 301.4,
    "medianResTime" : 278.0,
    "minResTime" : 214.0,
    "maxResTime" : 752.0,
    "pct1ResTime" : 357.9000000000001,
    "pct2ResTime" : 732.4499999999997,
    "pct3ResTime" : 752.0,
    "throughput" : 1.9817677368212443,
    "receivedKBytesPerSec" : 934.9267984542212,
    "sentKBytesPerSec" : 0.47995937376139514
  },
  "JavaScriptPagew3-0" : {
    "transaction" : "JavaScriptPagew3-0",
    "sampleCount" : 20,
    "errorCount" : 0,
    "errorPct" : 0.0,
    "meanResTime" : 141.74999999999997,
    "medianResTime" : 144.5,
    "minResTime" : 129.0,
    "maxResTime" : 157.0,
    "pct1ResTime" : 154.0,
    "pct2ResTime" : 156.85,
    "pct3ResTime" : 157.0,
    "throughput" : 2.0130850528434827,
    "receivedKBytesPerSec" : 0.6684071464519376,
    "sentKBytesPerSec" : 0.23197659788626068
  },
  "JavaPagew3-1" : {
    "transaction" : "JavaPagew3-1",
    "sampleCount" : 20,
    "errorCount" : 0,
    "errorPct" : 0.0,
    "meanResTime" : 149.7,
    "medianResTime" : 124.5,
    "minResTime" : 74.0,
    "maxResTime" : 537.0,
    "pct1ResTime" : 209.30000000000007,
    "pct2ResTime" : 520.7499999999998,
    "pct3ResTime" : 537.0,
    "throughput" : 2.0094443886265445,
    "receivedKBytesPerSec" : 947.312525118055,
    "sentKBytesPerSec" : 0.2511805485783181
  },
  "JavaPagew3-0" : {
    "transaction" : "JavaPagew3-0",
    "sampleCount" : 20,
    "errorCount" : 0,
    "errorPct" : 0.0,
    "meanResTime" : 151.34999999999997,
    "medianResTime" : 145.0,
    "minResTime" : 130.0,
    "maxResTime" : 215.0,
    "pct1ResTime" : 182.8,
    "pct2ResTime" : 213.39999999999998,
    "pct3ResTime" : 215.0,
    "throughput" : 2.010252286661976,
    "receivedKBytesPerSec" : 0.671392853553121,
    "sentKBytesPerSec" : 0.2355764398432003
  },
  "PytonPagew3" : {
    "transaction" : "PytonPagew3",
    "sampleCount" : 20,
    "errorCount" : 0,
    "errorPct" : 0.0,
    "meanResTime" : 1087.0,
    "medianResTime" : 976.5,
    "minResTime" : 785.0,
    "maxResTime" : 1919.0,
    "pct1ResTime" : 1814.200000000001,
    "pct2ResTime" : 1915.85,
    "pct3ResTime" : 1919.0,
    "throughput" : 1.7747803709290975,
    "receivedKBytesPerSec" : 817.2430312139497,
    "sentKBytesPerSec" : 0.4367623569083326
  }
}